INSERT INTO CLIENTE (Id,Nombre,Correo,Telefono,TipoMiembro) VALUES (1,'Jana Reid','Cally@nibh.gov','7268811','Profesor');
INSERT INTO CLIENTE (Id,Nombre,Correo,Telefono,TipoMiembro) VALUES (2,'Guy Kidd','Portia@fermentum.com','4543422','Empleado');
INSERT INTO CLIENTE (Id,Nombre,Correo,Telefono,TipoMiembro) VALUES (3,'Stephanie Valenzuela','Leigh@Cum.com','7543299','Profesor');
INSERT INTO CLIENTE (Id,Nombre,Correo,Telefono,TipoMiembro) VALUES (4,'Kareem Leblanc','Jonah@justo.us','7071808','Empleado');
INSERT INTO CLIENTE (Id,Nombre,Correo,Telefono,TipoMiembro) VALUES (5,'Lesley King','Dane@odio.org','7014904','PadreEstudiante');
INSERT INTO CLIENTE (Id,Nombre,Correo,Telefono,TipoMiembro) VALUES (6,'Ebony West','Xaviera@imperdiet.net','5601538','Empleado');
INSERT INTO CLIENTE (Id,Nombre,Correo,Telefono,TipoMiembro) VALUES (7,'Alisa Rush','Kimberly@tempor.net','8060355','Estudiante');
INSERT INTO CLIENTE (Id,Nombre,Correo,Telefono,TipoMiembro) VALUES (8,'Mara Morin','Cade@convallis.gov','9854209','Egresado');
INSERT INTO CLIENTE (Id,Nombre,Correo,Telefono,TipoMiembro) VALUES (9,'Hoyt Ewing','Emerson@gravida.gov','5426346','Egresado');
INSERT INTO CLIENTE (Id,Nombre,Correo,Telefono,TipoMiembro) VALUES (10,'Mechelle Sweet','Harrison@auctor.gov','9250839','Estudiante');
INSERT INTO CLIENTE (Id,Nombre,Correo,Telefono,TipoMiembro) VALUES (11,'Laith Buckner','Violet@semper.com','4440187','Estudiante');
INSERT INTO CLIENTE (Id,Nombre,Correo,Telefono,TipoMiembro) VALUES (12,'Zane Wilkerson','Whitney@inceptos.us','8249894','Empleado');
INSERT INTO CLIENTE (Id,Nombre,Correo,Telefono,TipoMiembro) VALUES (13,'Hoyt Ewing','Emerson@gravida.gov','5426346','Egresado');
INSERT INTO CLIENTE (Id,Nombre,Correo,Telefono,TipoMiembro) VALUES (14,'Mechelle Sweet','Harrison@auctor.gov','9250839','Estudiante');
INSERT INTO CLIENTE (Id,Nombre,Correo,Telefono,TipoMiembro) VALUES (15,'Laith Buckner','Violet@semper.com','4440187','Estudiante');
INSERT INTO CLIENTE (Id,Nombre,Correo,Telefono,TipoMiembro) VALUES (16,'Nora Maldonado','Rinah@dui.org','3948347','Empleado');

INSERT INTO OPERADOR (Id,Nombre,TipoOperador) VALUES (1,'Alexandra Mayer','Estudiante');
INSERT INTO OPERADOR (Id,Nombre,TipoOperador) VALUES (2,'Holmes Fuentes','Vecino');
INSERT INTO OPERADOR (Id,Nombre,TipoOperador) VALUES (3,'Graiden Petersen','ServicioHotelero');
INSERT INTO OPERADOR (Id,Nombre,TipoOperador) VALUES (4,'Trevor Solis','Egresado');
INSERT INTO OPERADOR (Id,Nombre,TipoOperador) VALUES (5,'Nolan Fields','ViviendaUniversitaria');
INSERT INTO OPERADOR (Id,Nombre,TipoOperador) VALUES (6,'Nissim Meyer','ViviendaUniversitaria');
INSERT INTO OPERADOR (Id,Nombre,TipoOperador) VALUES (7,'Zachery Melendez','Profesor');
INSERT INTO OPERADOR (Id,Nombre,TipoOperador) VALUES (8,'Shana Graves','ServicioHotelero');
INSERT INTO OPERADOR (Id,Nombre,TipoOperador) VALUES (9,'Diana marcela','ServicioHotelero');


INSERT INTO SERVICIO (Id, Nombre, Descripcion) VALUES (1, 'Bañera', 'Servicio de bañera con agua caliente');
INSERT INTO SERVICIO (Id, Nombre, Descripcion) VALUES (2, 'Jacuzzi', 'Piscina o bañera dotada de un sistema de hidromasaje');
INSERT INTO SERVICIO (Id, Nombre, Descripcion) VALUES (3, 'Sala', 'Sala amoblada');
INSERT INTO SERVICIO (Id, Nombre, Descripcion) VALUES (4, 'Cocineta', 'Mueble de cocina que integra armarios, los fuegos o el fregadero');
INSERT INTO SERVICIO (Id, Nombre, Descripcion) VALUES (5, 'Restaurante', 'Servicio de restaurante dentro del inmueble, Servicio 24 horas');
INSERT INTO SERVICIO (Id, Nombre, Descripcion) VALUES (6, 'Piscina', 'Servicio de piscina para niños y adultos, cuenta con tobogán');
INSERT INTO SERVICIO (Id, Nombre, Descripcion) VALUES (7, 'Parqueadero', 'Servicio de parqueadero vigilado las 24 horas');
INSERT INTO SERVICIO (Id, Nombre, Descripcion) VALUES (8, 'WiFi', 'WiFi');
INSERT INTO SERVICIO (Id, Nombre, Descripcion) VALUES (9, 'TV cable', 'TV cable');
INSERT INTO SERVICIO (Id, Nombre, Descripcion) VALUES (10, 'Recepción 24 horas', 'Recepción 24 horas');
INSERT INTO SERVICIO (Id, Nombre, Descripcion) VALUES (11, 'Comidas', 'Tres comidas diarias');

INSERT INTO INMUEBLE (Id,CostoBase,Operador,Estado, Tipo) VALUES (1,381601,1,'Habilitada', 'Estandar');
INSERT INTO INMUEBLE (Id,CostoBase,Operador,Estado, Tipo) VALUES (2,339214,2,'Habilitada', 'Semisuite');
INSERT INTO INMUEBLE (Id,CostoBase,Operador,Estado, Tipo) VALUES (3,700154,3,'Habilitada', 'Estandar');
INSERT INTO INMUEBLE (Id,CostoBase,Operador,Estado, Tipo) VALUES (4,898529,4,'Habilitada', 'Apartamento');
INSERT INTO INMUEBLE (Id,CostoBase,Operador,Estado, Tipo) VALUES (5,616850,1,'Habilitada', 'Apartamento');
INSERT INTO INMUEBLE (Id,CostoBase,Operador,Estado, Tipo) VALUES (6,352236,2,'Habilitada', 'Apartamento');
INSERT INTO INMUEBLE (Id,CostoBase,Operador,Estado, Tipo) VALUES (7,89436,2,'Habilitada', 'Apartamento');
INSERT INTO INMUEBLE (Id,CostoBase,Operador,Estado, Tipo) VALUES (8,797001,3,'Habilitada', 'Casa');
INSERT INTO INMUEBLE (Id,CostoBase,Operador,Estado, Tipo) VALUES (9,314126,4,'Habilitada', 'Casa');
INSERT INTO INMUEBLE (Id,CostoBase,Operador,Estado, Tipo) VALUES (10,859948,1,'Habilitada', 'Casa');
INSERT INTO INMUEBLE (Id,CostoBase,Operador,Estado, Tipo) VALUES (11,992166,3,'Habilitada', 'Casa');
INSERT INTO INMUEBLE (Id,CostoBase,Operador,Estado, Tipo) VALUES (12,366795,2,'Habilitada', 'Casa');
INSERT INTO INMUEBLE (Id,CostoBase,Operador,Estado, Tipo) VALUES (13,442574,4,'Habilitada', 'Casa');
INSERT INTO INMUEBLE (Id,CostoBase,Operador,Estado, Tipo) VALUES (14,524525,5,'Habilitada', 'Apartamento');
INSERT INTO INMUEBLE (Id,CostoBase,Operador,Estado, Tipo) VALUES (15,241480,1,'Habilitada', 'Apartamento');
INSERT INTO INMUEBLE (Id,CostoBase,Operador,Estado, Tipo) VALUES (16,901056,6,'Habilitada', 'Apartamento');
INSERT INTO INMUEBLE (Id,CostoBase,Operador,Estado, Tipo) VALUES (17,804349,3,'Habilitada', 'Estandar');
INSERT INTO INMUEBLE (Id,CostoBase,Operador,Estado, Tipo) VALUES (18,709902,6,'Habilitada', 'Semisuite');
INSERT INTO INMUEBLE (Id,CostoBase,Operador,Estado, Tipo) VALUES (19,440964,1,'Habilitada', 'Estandar');
INSERT INTO INMUEBLE (Id,CostoBase,Operador,Estado, Tipo) VALUES (20,892820,2,'Habilitada', 'Estandar');

INSERT INTO SERVICIOINMUEBLE (Servicio,Inmueble,Incluido,ValorAdicional) VALUES (9,15,'True',0);
INSERT INTO SERVICIOINMUEBLE (Servicio,Inmueble,Incluido,ValorAdicional) VALUES (2,4,'False',56802);
INSERT INTO SERVICIOINMUEBLE (Servicio,Inmueble,Incluido,ValorAdicional) VALUES (8,7,'False',2300);
INSERT INTO SERVICIOINMUEBLE (Servicio,Inmueble,Incluido,ValorAdicional) VALUES (2,12,'False',57802);
INSERT INTO SERVICIOINMUEBLE (Servicio,Inmueble,Incluido,ValorAdicional) VALUES (10,3,'True',0);
INSERT INTO SERVICIOINMUEBLE (Servicio,Inmueble,Incluido,ValorAdicional) VALUES (5,16,'False',4025);
INSERT INTO SERVICIOINMUEBLE (Servicio,Inmueble,Incluido,ValorAdicional) VALUES (1,20,'True',0);
INSERT INTO SERVICIOINMUEBLE (Servicio,Inmueble,Incluido,ValorAdicional) VALUES (3,6,'False',3200);
INSERT INTO SERVICIOINMUEBLE (Servicio,Inmueble,Incluido,ValorAdicional) VALUES (7,13,'True',0);
INSERT INTO SERVICIOINMUEBLE (Servicio,Inmueble,Incluido,ValorAdicional) VALUES (11,7,'False',4598);
INSERT INTO SERVICIOINMUEBLE (Servicio,Inmueble,Incluido,ValorAdicional) VALUES (2,20,'False',2000);
INSERT INTO SERVICIOINMUEBLE (Servicio,Inmueble,Incluido,ValorAdicional) VALUES (2,1,'True',0);
INSERT INTO SERVICIOINMUEBLE (Servicio,Inmueble,Incluido,ValorAdicional) VALUES (6,12,'True',0);
INSERT INTO SERVICIOINMUEBLE (Servicio,Inmueble,Incluido,ValorAdicional) VALUES (4,4,'False',1000);
INSERT INTO SERVICIOINMUEBLE (Servicio,Inmueble,Incluido,ValorAdicional) VALUES (1,9,'True',0);
INSERT INTO SERVICIOINMUEBLE (Servicio,Inmueble,Incluido,ValorAdicional) VALUES (3,8,'True',0);
INSERT INTO SERVICIOINMUEBLE (Servicio,Inmueble,Incluido,ValorAdicional) VALUES (1,3,'True',0);
INSERT INTO SERVICIOINMUEBLE (Servicio,Inmueble,Incluido,ValorAdicional) VALUES (7,16,'False',1700);
INSERT INTO SERVICIOINMUEBLE (Servicio,Inmueble,Incluido,ValorAdicional) VALUES (8,19,'False',100);

INSERT INTO HABITACION (Id,Tipo,Capacidad,Compartida) VALUES (1,'Estandar',4,'True');
INSERT INTO HABITACION (Id,Tipo,Capacidad,Compartida) VALUES (2,'Semisuite',4,'False');
INSERT INTO HABITACION (Id,Tipo,Capacidad,Compartida) VALUES (3,'Estandar',6,'True');
INSERT INTO HABITACION (Id,Tipo,Capacidad,Compartida) VALUES (17,'Estandar',4,'False');
INSERT INTO HABITACION (Id,Tipo,Capacidad,Compartida) VALUES (18,'Semisuite',2,'False');
INSERT INTO HABITACION (Id,Tipo,Capacidad,Compartida) VALUES (19,'Estandar',2,'False');
INSERT INTO HABITACION (Id,Tipo,Capacidad,Compartida) VALUES (20,'Estandar',2,'False');

INSERT INTO APARTAMENTO (Id,CantHabitaciones,Amoblado) VALUES (4,'3','True');
INSERT INTO APARTAMENTO (Id,CantHabitaciones,Amoblado) VALUES (5,'2','False');
INSERT INTO APARTAMENTO (Id,CantHabitaciones,Amoblado) VALUES (6,'7','True');
INSERT INTO APARTAMENTO (Id,CantHabitaciones,Amoblado) VALUES (7,'2','False');
INSERT INTO APARTAMENTO (Id,CantHabitaciones,Amoblado) VALUES (14,'6','True');
INSERT INTO APARTAMENTO (Id,CantHabitaciones,Amoblado) VALUES (15,'4','True');
INSERT INTO APARTAMENTO (Id,CantHabitaciones,Amoblado) VALUES (16,'7','False');

INSERT INTO CASA (Id,CantHabitaciones,Seguro) VALUES (8,7,'Plan hogar Sura');
INSERT INTO CASA (Id,CantHabitaciones,Seguro) VALUES (9,5,'Plan global sura');
INSERT INTO CASA (Id,CantHabitaciones,Seguro) VALUES (10,10,'Allianz Plan estandar');
INSERT INTO CASA (Id,CantHabitaciones,Seguro) VALUES (11,6,'Polixa banco caja social');
INSERT INTO CASA (Id,CantHabitaciones,Seguro) VALUES (12,8,'Plan hogar Sura');
INSERT INTO CASA (Id,CantHabitaciones,Seguro) VALUES (13,9,'Plan hogar Sura');

INSERT INTO HOSTAL (Id,CantHabitaciones,RegistroCamaraComercio,RegistroSuperintendencia,HoraApertura,HoraCierre) VALUES (3,12,'4163145','1643352','07:30:00','23:00:00');
INSERT INTO HOSTAL (Id,CantHabitaciones,RegistroCamaraComercio,RegistroSuperintendencia,HoraApertura,HoraCierre) VALUES (8,20,'7591786','1306498','07:00:00','21:00:00');

INSERT INTO HOTEL (Id,CantHabitaciones,RegistroCamaraComercio,RegistroSuperintendencia) VALUES (9,39,'7556138','3783277');

INSERT INTO PERSONANATURAL (Id,Correo,Telefono) VALUES (1,'Norman@odio.us','4971392');
INSERT INTO PERSONANATURAL (Id,Correo,Telefono) VALUES (2,'William@libero.gov','9548347');
INSERT INTO PERSONANATURAL (Id,Correo,Telefono) VALUES (4,'Forrest@senectus.gov','1511136');
INSERT INTO PERSONANATURAL (Id,Correo,Telefono) VALUES (7,'Bree@accumsan.org','2914784');

INSERT INTO VIVIENDAUNIVERSITARIA (Id,CantHabitaciones) VALUES (5,100);
INSERT INTO VIVIENDAUNIVERSITARIA (Id,CantHabitaciones) VALUES (6,145);

INSERT INTO RESERVACOLECTIVA (Id,TipoEvento,TipoAlojamiento,Cantidad,Cancelado) VALUES (1,'Evento cultural','Estandar','5','False');
INSERT INTO RESERVACOLECTIVA (Id,TipoEvento,TipoAlojamiento,Cantidad,Cancelado) VALUES (2,'Feria','Apartamento','3','False');

INSERT INTO RESERVA (Id,Cliente,Inmueble,FechaInicio,FechaFin,Cancelado,ReservaColectiva) VALUES (1,1,1,'15/05/2023','20/05/2023','False',1);
INSERT INTO RESERVA (Id,Cliente,Inmueble,FechaInicio,FechaFin,Cancelado,ReservaColectiva) VALUES (2,1,3,'15/05/2023','20/05/2023','False',1);
INSERT INTO RESERVA (Id,Cliente,Inmueble,FechaInicio,FechaFin,Cancelado,ReservaColectiva) VALUES (3,1,19,'15/05/2023','20/05/2023','False',1);
INSERT INTO RESERVA (Id,Cliente,Inmueble,FechaInicio,FechaFin,Cancelado,ReservaColectiva) VALUES (4,1,17,'15/05/2023','20/05/2023','False',1);
INSERT INTO RESERVA (Id,Cliente,Inmueble,FechaInicio,FechaFin,Cancelado,ReservaColectiva) VALUES (5,1,20,'15/05/2023','20/05/2023','False',1);
INSERT INTO RESERVA (Id,Cliente,Inmueble,FechaInicio,FechaFin,Cancelado,ReservaColectiva) VALUES (6,2,4,'20/06/2023','01/07/2023','False',2);
INSERT INTO RESERVA (Id,Cliente,Inmueble,FechaInicio,FechaFin,Cancelado,ReservaColectiva) VALUES (7,2,16,'20/06/2023','01/07/2023','False',2);
INSERT INTO RESERVA (Id,Cliente,Inmueble,FechaInicio,FechaFin,Cancelado,ReservaColectiva) VALUES (8,2,20,'20/06/2023','01/07/2023','False',2);
INSERT INTO RESERVA (Id,Cliente,Inmueble,FechaInicio,FechaFin,Cancelado,ReservaColectiva) VALUES (9,10,4,'06/05/2023','12/05/2023','False',NULL);
INSERT INTO RESERVA (Id,Cliente,Inmueble,FechaInicio,FechaFin,Cancelado,ReservaColectiva) VALUES (10,12,16,'06/08/2023','12/08/2023','False',NULL);
INSERT INTO RESERVA (Id,Cliente,Inmueble,FechaInicio,FechaFin,Cancelado,ReservaColectiva) VALUES (11,15,16,'13/08/2023','17/08/2023','False',NULL);
INSERT INTO RESERVA (Id,Cliente,Inmueble,FechaInicio,FechaFin,Cancelado,ReservaColectiva) VALUES (12,11,6,'13/08/2023','17/08/2023','False',NULL);
INSERT INTO RESERVA (Id,Cliente,Inmueble,FechaInicio,FechaFin,Cancelado,ReservaColectiva) VALUES (13,1,8,'13/08/2023','17/08/2023','False',NULL);

INSERT INTO SERVICIOSUSADOS (Servicio,Inmueble,Reserva) VALUES (8,19,3);
INSERT INTO SERVICIOSUSADOS (Servicio,Inmueble,Reserva) VALUES (2,4,6);
INSERT INTO SERVICIOSUSADOS (Servicio,Inmueble,Reserva) VALUES (5,16,10);
INSERT INTO SERVICIOSUSADOS (Servicio,Inmueble,Reserva) VALUES (1,3,2);
INSERT INTO SERVICIOSUSADOS (Servicio,Inmueble,Reserva) VALUES (2,1,1);
INSERT INTO SERVICIOSUSADOS (Servicio,Inmueble,Reserva) VALUES (4,4,9);
INSERT INTO SERVICIOSUSADOS (Servicio,Inmueble,Reserva) VALUES (5,16,7);

